20230001,Smith,Johnson,John,john.smith@example.com,5551234567,CA
20230002,Garcia,Martinez,Maria,maria.garcia@example.com,5552345678,SJ
20230003,Chen,Li,Wei,wei.chen@example.com,5553456789,AL
20230004,Lee,Kim,Yoon,yoon.lee@example.com,5554567890,SC
20230005,Tanaka,Sato,Taro,taro.tanaka@example.com,5555678901,LI
20230006,Brown,Jones,Emily,emily.brown@example.com,5556789012,SJ
20230007,Alvarez,Gonzalez,Miguel,miguel.alvarez@example.com,5557890123,CA
20230008,Santos,Oliveira,Julia,julia.santos@example.com,5558901234,AL
20230009,Park,Kim,Min-seo,minseo.park@example.com,5559012345,SC
20230010,Nguyen,Le,Hong,hong.nguyen@example.com,5550123456,SJ
20230011,Williams,Davis,William,william.williams@example.com,5551234567,LI
20230012,Taylor,Miller,Olivia,olivia.taylor@example.com,5552345678,CA
20230013,Choi,Kim,Jae-won,jaewon.choi@example.com,5553456789,AL
20230014,Alonso,Fernandez,Ana,ana.alonso@example.com,5554567890,SC
20230015,Gomes,Silva,João,joao.gomes@example.com,5555678901,SJ
20230016,Takahashi,Yamamoto,Akira,akira.takahashi@example.com,5556789012,LI
20230017,Johnson,Smith,Emily,emily.johnson@example.com,5557890123,CA
20230018,Sharma,Jain,Ankit,ankit.sharma@example.com,5558901234,AL
20230019,López,Pérez,Alejandro,alejandro.lopez@example.com,5559012345,SC
20230020,Chung,Lee,Sun-ho,sunho.chung@example.com,5550123456,SJ
20230021,Anderson,Wilson,Samantha,samantha.anderson@example.com,5551234567,LI
20230022,Rodriguez,Garcia,Carlos,carlos.rodriguez@example.com,5552345678,CA
20230023,Kim,Park,Seung-ho,seungho.kim@example.com,5553456789,AL
20230024,Gonzalez,Fernandez,Isabella,isabella.gonzalez@example.com,5554567890,SC
20230025,Patel,Shah,Deepika,deepika.patel@example.com,5555678901,SJ
20230026,Yamada,Suzuki,Kazuhiro,kazuhiro.yamada@example.com,5556789012,LI
20230027,Smith,Johnson,Emma,emma.smith@example.com,5557890123,CA
20230028,Kaur,Singh,Aman,aman.kaur@example.com,5558901234,AL
20230029,Fernández,García,Adriana,adriana.fernandez@example.com
